-- phpMyAdmin SQL Dump
-- version 4.5.1
-- http://www.phpmyadmin.net
--
-- Host: 127.0.0.1
-- Generation Time: Jun 15, 2022 at 10:48 PM
-- Server version: 10.1.9-MariaDB
-- PHP Version: 5.6.15

SET SQL_MODE = "NO_AUTO_VALUE_ON_ZERO";
SET time_zone = "+00:00";


/*!40101 SET @OLD_CHARACTER_SET_CLIENT=@@CHARACTER_SET_CLIENT */;
/*!40101 SET @OLD_CHARACTER_SET_RESULTS=@@CHARACTER_SET_RESULTS */;
/*!40101 SET @OLD_COLLATION_CONNECTION=@@COLLATION_CONNECTION */;
/*!40101 SET NAMES utf8mb4 */;

--
-- Database: `perfume`
--

-- --------------------------------------------------------

--
-- Table structure for table `tadmins`
--

CREATE TABLE `tadmins` (
  `fIdAdmin` int(11) UNSIGNED NOT NULL,
  `fUsername` varchar(32) DEFAULT NULL,
  `fPassword` varchar(32) DEFAULT NULL
) ENGINE=InnoDB DEFAULT CHARSET=latin1;

--
-- Dumping data for table `tadmins`
--

INSERT INTO `tadmins` (`fIdAdmin`, `fUsername`, `fPassword`) VALUES
(1, 'admin', 'admin'),
(2, 'admin1', 'admin1'),
(3, 'admin2', 'admin2');

-- --------------------------------------------------------

--
-- Table structure for table `tcategorii`
--

CREATE TABLE `tcategorii` (
  `fIdCategorie` int(11) UNSIGNED NOT NULL,
  `fNumeCategorie` varchar(50) NOT NULL DEFAULT ''
) ENGINE=MyISAM DEFAULT CHARSET=latin1;

--
-- Dumping data for table `tcategorii`
--

INSERT INTO `tcategorii` (`fIdCategorie`, `fNumeCategorie`) VALUES
(1, 'Perfumes for Women'),
(2, 'Perfumes for Men'),
(3, 'Unisex perfumes'),
(4, 'Perfumes for children'),
(5, 'Stock liquidations');

-- --------------------------------------------------------

--
-- Table structure for table `tcomenzi`
--

CREATE TABLE `tcomenzi` (
  `fIdComanda` int(11) UNSIGNED NOT NULL,
  `fIdUtilizator` int(11) UNSIGNED NOT NULL DEFAULT '0',
  `fIdCupon` int(11) DEFAULT NULL,
  `fNumeCumparator` varchar(100) DEFAULT NULL,
  `fEmailCumparator` varchar(100) DEFAULT NULL,
  `fAdresaCumparator` text,
  `fDataComanda` date DEFAULT NULL
) ENGINE=MyISAM DEFAULT CHARSET=latin1;

--
-- Dumping data for table `tcomenzi`
--

INSERT INTO `tcomenzi` (`fIdComanda`, `fIdUtilizator`, `fIdCupon`, `fNumeCumparator`, `fEmailCumparator`, `fAdresaCumparator`, `fDataComanda`) VALUES
(21, 7, 0, 'viorel', 'viorel@yahoo.com', 'Aleea parcului, nr 6', '2022-01-17'),
(20, 5, 0, 'ionel', 'ionel@yahoo.com', 'str Nufarului nr 6 ', '2022-01-17'),
(19, 6, 0, 'sergiu', 'sergiu@yahoo.com', 'str Nucului nr 6 Cluj', '2022-01-17'),
(18, 6, 0, 'sergiu', 'sergiu@yahoo.com', 'str Nucului nr 6 Cluj', '2022-01-17'),
(17, 7, 0, 'viorel', 'viorel@yahoo.com', 'Aleea parcului, nr 6', '2022-01-17'),
(16, 7, 0, 'viorel', 'viorel@yahoo.com', 'Aleea parcului, nr 6', '2022-01-17'),
(15, 7, 0, 'viorel', 'viorel@yahoo.com', 'Aleea parcului, nr 6', '2022-01-17'),
(22, 3, NULL, 'vasile', 'vasiled@yahoo.com', 'str lalelelor nr 14', '2022-06-15');

-- --------------------------------------------------------

--
-- Table structure for table `tcos`
--

CREATE TABLE `tcos` (
  `fIdItem` int(11) UNSIGNED NOT NULL,
  `fIdUtilizator` int(11) UNSIGNED NOT NULL DEFAULT '0',
  `fIdProdus` int(11) UNSIGNED NOT NULL DEFAULT '0',
  `fCantitate` int(11) UNSIGNED NOT NULL DEFAULT '0',
  `fIdSesiune` varchar(50) NOT NULL DEFAULT ''
) ENGINE=MyISAM DEFAULT CHARSET=latin1;

-- --------------------------------------------------------

--
-- Table structure for table `tproducatori`
--

CREATE TABLE `tproducatori` (
  `fIdProducator` int(11) UNSIGNED NOT NULL,
  `fNumeProducator` varchar(255) NOT NULL DEFAULT '',
  `fUrl` varchar(255) DEFAULT NULL,
  `fDescriere` blob
) ENGINE=MyISAM DEFAULT CHARSET=latin1;

--
-- Dumping data for table `tproducatori`
--

INSERT INTO `tproducatori` (`fIdProducator`, `fNumeProducator`, `fUrl`, `fDescriere`) VALUES
(1, 'Calvin Klein', 'http://calvin.com', 0x61610d0a62620d0a6363),
(2, 'Lacoste', 'http://www.lacoste.com', 0x7765746765720d0a77670d0a776466670d0a736466670d0a73646667736466677364),
(3, 'Lancome', 'http://lancome.ro', NULL),
(4, 'Guess', 'www.guess.com', NULL),
(5, 'GUERLAIN', 'GUERLAIN.ro', NULL),
(6, 'Narciso Rodriguez', 'Narciso-Rodriguez.ro', NULL),
(7, 'The Library of Fragrance', 'Library-Fragrance.ro', NULL),
(8, 'Versace', 'versace.ro', NULL),
(9, 'Ice', 'ice.com', NULL),
(10, 'Armaf', NULL, NULL),
(11, 'Disney', NULL, NULL),
(12, 'Sesderma ', NULL, NULL),
(13, 'Jeanne Arthes', NULL, NULL);

-- --------------------------------------------------------

--
-- Table structure for table `tproduse`
--

CREATE TABLE `tproduse` (
  `fIdProdus` int(11) UNSIGNED NOT NULL,
  `fIdSubcategorie` int(11) UNSIGNED NOT NULL DEFAULT '0',
  `fIdProducator` int(11) UNSIGNED NOT NULL DEFAULT '0',
  `fNumeProdus` varchar(255) NOT NULL DEFAULT '',
  `fCodProdus` varchar(50) DEFAULT NULL,
  `fImagine` varchar(100) DEFAULT NULL,
  `fDescriere` varchar(255) DEFAULT NULL,
  `fSpecificatii` blob,
  `fPret` varchar(50) NOT NULL DEFAULT '0'
) ENGINE=MyISAM DEFAULT CHARSET=latin1;

--
-- Dumping data for table `tproduse`
--

INSERT INTO `tproduse` (`fIdProdus`, `fIdSubcategorie`, `fIdProducator`, `fNumeProdus`, `fCodProdus`, `fImagine`, `fDescriere`, `fSpecificatii`, `fPret`) VALUES
(1, 1, 1, 'Calvin Klein Euphoria', '1', '1.jpg', 'Calvin Klein Euphoria\r\nEau de Parfum for women\r\n100 ml', 0x4465736372697074696f6e2043616c76696e204b6c65696e20457570686f7269610d0a0d0a3530206d6c202d2031323020524f4e0d0a3330206d6c2d2031303020526f6e0d0a0d0a436f6d706f736974696f6e0d0a596f7520646f6e2774206e6565642063686f636f6c617465206f72206465636c61726174696f6e73206f66206c6f766520746f20657870657269656e6365206120657570686f726961206f66207468652073656e7365732e2043616c76696e204b6c65696e20457570686f7269612070657266756d652077617465722070726573656e747320757320776974682061206d7973746572696f757320776f726c642c2066756c6c206f662077696c64206e617475726520616e642065786f74696320666c6f776572732c20776869636820676976657320796f7520612073656e7375616c20636861726d20616e6420612073656e736174696f6e206f66207375626c696d6174656420706c6561737572652e0d0a0d0a61206672616772616e6365206f6620666c6f7765727320616e64206672756974732c2077697468206f7269656e74616c20616363656e74730d0a666f7220656e6572676574696320616e6420636f6e666964656e7420776f6d656e0d0a7375697461626c6520666f7220626f74682064617920616e64207370656369616c206f63636173696f6e730d0a54686520636f6d706f736974696f6e206f66207468652070657266756d650d0a5468652070657266756d6520626567696e7320756e64657220746865206e616d65206f6620706f6d656772616e6174652c2077686f736520696e74656e7365206e6f7465206c6561647320746f20746865206865617274206f66207468652061726f6d612c207768657265207468652064656c6963617465206c6f74757320666c6f776572207368696e657320756e6465722074686520696d706f73696e6720646f6d696e6174696f6e206f662074686520626c61636b206f72636869642c207468652073746172206f66207468652070657266756d652e205468652066696e6973682062656c6f6e677320746f2074686520636f6d62696e6174696f6e206f662064656c69636174652076696f6c65742c20616e696d616c206d75736b2c20616d62657220616e64206d61686f67616e7920776f6f642e0d0a0d0a5468652073746f7279206f662070657266756d650d0a457570686f72696120776173206c61756e6368656420696e203230303520616e642077617320616e20696d6d65646961746520737563636573732e20497420776173206e6f6d696e6174656420666f72207468652062657374206c75787572792070657266756d65206f662074686520796561722c20616e642077696e6e696e67207468652070726573746967696f7573204669466920617761726420646964206e6f7420737572707269736520616e796f6e652e2054686520636861726d696e6720616e6420756e6d697374616b61626c6520626f74746c652c206c696b65206120666c6f776572696e67206f72636869642c20706572666563746c79207265666c65637473206974732064697a7a79696e6720636f6e74656e742e, '150'),
(11, 6, 1, 'Calvin Klein Eternity for Men', '1', '11.jpg', 'Calvin Klein Eternity for Men\r\nEau de Parfum for men\r\n100 ml', 0x3530206d6c202d2031353020524f4e0d0a3330206d6c202d31323020524f4e0d0a0d0a537461727420656163682064617920627920636f6e67726174756c6174696e6720796f757273656c66206f6e2065766572797468696e6720796f75206163636f6d706c69736820696e206f6e65206461792e2043616c76696e204b6c65696e20457465726e69747920666f72204d656e2070657266756d652077617465722077696c6c2068656c7020796f75206d61737465722074686520617274206f6620616c7465726e6174696e67207365766572616c206c69666520726f6c657320696e207468652073686f72746573742074696d652e2057697468206561736520616e6420656c6567616e63652e0d0a0d0a6120776f6f6479207363656e74206f6620666f7567c3a8726520747970650d0a666f72207468652061637469766520616e6420656e74657270726973696e67206d616e0d0a6120626f74746c652077697468206120636c61737369632c2074696d656c6573732064657369676e0d0a54686520636f6d706f736974696f6e206f66207468652070657266756d650d0a546865207363656e742073746172747320696e746572657374696e676c792c20776974682061207361676520686572626163656f75732061726f6d612c20696e20636f6d62696e6174696f6e20776974682074686520756e6d697374616b61626c65206f7a6f6e6520616363656e74732e20546865206d617363756c696e6520737069726974207468656e20646576656c6f707320696e20746865206865617274206f6620746865206672616772616e7420636f6d706f736974696f6e2c20646f6d696e6174656420627920746865206d616a657374696320637970726573732c206163636f6d70616e6965642062792074686520657373656e636573206f66206c6176656e6465722c206e75746d656720616e6420676572616e69756d2e20546865206261736520636f6e7369737473206f662072617265206163636f7264732c206f662073756564652c207769746820616d6265726772697320616e642043797072696f6c20657373656e7469616c206f696c2e0d0a0d0a5468652073746f7279206f662070657266756d650d0a457465726e69747920666f72204d656e20697320612070657266756d6520776174657220666f7220616c6c206d656e2077686f20617070726563696174652074686520696d706f7274616e6365206f66207468652066756e64616d656e74616c2076616c75657320e2808be2808b6f66206c6966652e205468652070657266756d65206f66666572732061206665656c696e67206f662063616c6d20616e6420636f6d666f72742c206465737069746520746865206461696c792064656d616e64732e204974206769766573206d656e2074686520636f757261676520746f206d616b6520696d706f7274616e7420627573696e657373206465636973696f6e732c20746f20776f726b20616e64207468652066726565646f6d20746f206665656c206465766f74656420666174686572732c207768656e20746865792072657475726e20686f6d652e, '120'),
(2, 1, 1, 'Calvin Klein Eternity\r\n', '2', '2.jpg', 'Calvin Klein Eternity\r\nEau de Parfum for women\r\n100 ml', 0x546865206c75787572696f757320616e642074696d656c6573732073796d70686f6e79206f6620666c6f776572732c2063697472757320616e64206672616772616e7420776f6f64206973207468652070726f6d697365206f6620657465726e616c206c6f7665202d206a757374206c696b65207468652043616c76696e204b6c65696e20457465726e6974792070657266756d652e0d0a0d0a3735206d6c2d20393820526f6e0d0a3530206d6c202d20373520526f6e0d0a0d0a6120726f6d616e74696320666c6f72616c207363656e740d0a666f7220656c6567616e7420776f6d656e0d0a7375697461626c6520666f72206576657279206461790d0a54686520636f6d706f736974696f6e206f66207468652070657266756d650d0a457465726e69747920626567696e732077697468206e6f746573206f66206369747275732c206672656573696120616e6420736167652c20726f6d616e7469632061732061206c6f766520736f6e672e205468656e2069742067726f7773206c696b65206120626f7571756574206f6620666c6f776572732c2066756c6c206f66206c696c6965732c2076696f6c6574732c206a61736d696e652c206c696c6965732c206361726e6174696f6e7320616e6420726f7365732e20546865206c6967687420746f756368206f66207468652065786f7469632073616e64616c776f6f642c20746865206d75736b20616e642074686520616d626572206163636f726420706572736973747320756e74696c2074686520656e64206f6620746865206461792e0d0a0d0a5468652073746f7279206f662070657266756d650d0a457465726e6974792069732074686520696e746572707265746174696f6e206f6620612043616c76696e204b6c65696e2d7374796c65206c6f76652073746f72792e20546865206d6f6465726e20666c6f72616c207363656e7420697320696e737069726564206279206469616d6f6e642077656464696e672072696e67732c207768696368207375676765737420612073696e676c6520776f7264202d20657465726e6974792e20457465726e6974792070657266756d6520776173206c61756e6368656420696e20313938382e, '115'),
(10, 5, 6, 'Narciso Rodriguez For Her Oil Musc ', '2', '10.jpg', 'Narciso Rodriguez For Her Oil Musc Perfume\r\nfragrant oil for women\r\n30 ml', 0x497420697320656e6f75676820746f206578706f736520612074696e792061726561206f6620e2808be2808b736b696e2c20666f722061206665656c696e67206f6620696e74656e7365206c757875727920616c6c206f7665722074686520626f64792e2057697468206a7573742061206665772064726f70732c204e61726369736f20526f6472696775657a20466f7220486572204f696c204d75736b207363656e746564206f696c2077696c6c207472616e73706f727420796f7520746f206120776f726c64206f6620696e66696e6974652073656e7375616c6974792e0d0a0d0a616e206f7269656e74616c2070657266756d652c20666f7220776f6d656e2077686f206c6f6e6720666f7220746865206665656c696e67206f6620756e697175656e6573730d0a6120747261646974696f6e616c2062757420616c736f20756e757375616c20776179206f66206170706c79696e672070657266756d650d0a7375697461626c6520626f746820696e20746865206d6f726e696e6720616e6420696e20746865206576656e696e670d0a54686520636f6d706f736974696f6e206f66207468652070657266756d650d0a54686520666972737420746f756368206f662073696c6b20696e207468652070657266756d65206973206f666665726564206279207468652073656475637469766520617272616e67656d656e7473206f66206f72616e676520626c6f73736f6d732c206a61736d696e6520616e6420796c616e672d796c616e672e2054686520657373656e6365206f66206d75736b2c207768696368206d616b657320757020746865206865617274206f6620746865206672616772616e74206f696c2c206272696e6773207368696e6520616e64206861726d6f6e7920746f2074686520636f6d706f736974696f6e2e205468652062617365206f66207468652061726f6d6120616c736f207265666c65637473206465657020616e6420656c6567616e7420746f6e6573206f662070617463686f756c692c207761726d20616d62657220616e642073616e64616c776f6f642e0d0a0d0a5468652073746f7279206f662070657266756d650d0a4f696c7320617265206120747261646974696f6e616c20616e64206c75787572696f75732077617920746f2070657266756d652074686520626f64792e2054686520616363656e7473206f66204e61726369736f20526f6472696775657a20466f7220486572204f696c204d7573632070657266756d6520706572666563746c7920666974207468697320636f6e6365707420616e6420656d70686173697a6520616c6c2069747320616476616e74616765732e204974732061726f6d6120646576656c6f7073206f6e6c79206166746572206170706c79696e6720697420746f207468652070756c736520706f696e7473206f662074686520626f64792c207768696368206d61696e6c7920696e636c7564652074686520617265617320626568696e642074686520656172732c20746865206e65636b206172656120616e64207468652064c3a9636f6c6c6574c3a92e, '280'),
(3, 1, 2, 'Lacoste Pour Femme', '3', '3.jpg', 'Lacoste For Women\r\nEau de Parfum for women\r\n90 ml', 0x426520656e6368616e74656420627920746865206d6f6465726e20656c6567616e6365206f66204c61636f73746520506f75722046656d6d652070657266756d652c20616e206f726967696e616c2c2073656e7375616c20616e64206c6967687420636f6d706f736974696f6e2c20776869636820656d70686173697a6573207468652066656d696e696e697479206f6620746865206f6e652077686f2075736573206974210d0a0d0a3530206d6c202d31343020524f4e0d0a3230206d6c202d31323020524f4e0d0a0d0a6120776f6f6479207363656e7420776974682064656c696361746520666c6f72616c20616972730d0a666f7220776f6d656e2077686f206b6e6f77207768617420746865792077616e7420616e642077686f20617265206e6f742061667261696420746f206578707265737320746865697220656d6f74696f6e7320616e64207368617265207468656972206665656c696e67730d0a7375697461626c6520666f7220686f7420737072696e6720616e642073756d6d657220646179730d0a54686520636f6d706f736974696f6e206f66207468652070657266756d650d0a4c61636f73746520506f75722046656d6d65207374617274732077697468206120737765657420616e6420736c696768746c79207370696379206e6f7465206f6620616c6c73706963652c20636f6d706c656d656e746564206279207468652064656c69636174652066726565736961206163636f7264696f6e2e2054686520666c6f72616c20686561727420696e746f7869636174657320796f75207769746820657373656e636573206f66206a61736d696e652c2068656c696f74726f70652c20686962697363757320616e6420726f7365732e20546865206261736520636f6e7461696e7320636564617220616e642073616e64616c776f6f6420616363656e74732c20696e63656e736520616e64207761726d206d75736b2e, '120'),
(8, 3, 7, 'The Library of Fragrance Coconut', '8', '8.jpg', 'The Library of Fragrance Coconut\r\neau de cologne for women\r\n30 ml', 0x4769766520796f75722073656e736573206120676f75726d657420657870657269656e63652e20576f6d656e277320636f6c6f676e6520546865204c696272617279206f66204672616772616e636520436f636f6e75742068696465732064656c6963696f757320616e64206162736f6c7574656c7920697272657369737469626c6520746f6e65732e20457370656369616c6c7920696620796f75206c696b652073776565742064656c696361636965732e0d0a0d0a6672756974207363656e740d0a7377656574207363656e740d0a74686520696465616c2063686f69636520666f72206120667265652d7468696e6b696e6720776f6d616e0d0a70657266756d65207375697461626c6520666f7220657665727920646179, '40'),
(9, 4, 4, 'Guess Dare', '9', '9.jpg', 'Guess Dare\r\nbody spray for women\r\n250 ml', 0x596f75722073656e7365732077616e7420746f2064616e636521204775657373204461726520776f6d656e277320626f647920737072617920636f6e7461696e7320612073796d70686f6e79206f6620766172696f75732061726f6d6174696320746f6e65732e20497420616c7761797320736d656c6c732066617363696e6174696e6720616e6420676976657320796f7572206c696665207468652072687974686d20796f752077616e742e0d0a0d0a666c6f72616c207363656e740d0a776f6f6479207363656e740d0a656d70686173697a6573207468652073656e7375616c697479206f6620657665727920776f6d616e0d0a70657266756d65207375697461626c6520666f7220657665727920646179, '26'),
(4, 1, 3, 'Lancome La Vie Est Belle\r\n', '4', '4.jpg', 'Lancôme La Vie Est Belle\r\nEau de Parfum for women\r\n100 ml', 0x4c616e63c3b46d65204c6120566965204573742042656c6c652070657266756d6520697320612073796d626f6c206f662066726565646f6d20616e642068617070696e6573732c20616e206f646520746f20616c6c20746865206265617574696573206f66206c6966652e2054686520616c6c2d66656d616c65207363656e7420776173206372656174656420746f206272696e67206120736d696c6520746f2065766572796f6e652773206c6970732e0d0a0d0a3530206d6c202d32303020524f4e0d0a3330206d6c202d31373020524f4e0d0a0d0a61207377656574207363656e74206f6620667275697420616e6420666c6f776572732c20736f70686973746963617465640d0a666f72207468652073656c662d636f6e666964656e7420776f6d616e2077686f207265667573657320746865206469637461746573206f6620736f63696574790d0a7375697461626c6520666f72207468652077686f6c65206461790d0a54686520636f6d706f736974696f6e206f66207468652070657266756d650d0a546865206465627574206f66204c6120566965204573742042656c6c652070657266756d652077696c6c2064656c6967687420796f752077697468206a7569637920657373656e636573206f6620626c61636b2063757272616e747320616e642073776565742070656172732e20546865206865617274206f662074686520636f6d706f736974696f6e2070756c736174657320696e206972697320746f6e65732c20616c6f6e672077697468207468652073696c6b79206a61736d696e6520616e642074686520636861726d696e67206f72616e676520666c6f776572732e20546865206261736520636f6e7369737473206f66207261726520746f6e6b61206265616e732c2064656c6963696f7573207072616c696e65732c2065786f7469632070617463686f756c6920616e642076616e696c6c6120676f75726d65742e0d0a0d0a5468652073746f7279206f662070657266756d650d0a4c6120566965204573742042656c6c6520697320746865206f7074696f6e20746f206c697665206c696665206163636f7264696e6720746f20796f7572206f776e2072756c65732c207468652066726565646f6d20746f2063686f6f736520796f7572206f776e207061746820746f2068617070696e65737320616e64206e6f7420746f20636f6d706c7920617420616c6c20636f737473207769746820746865206578706563746174696f6e73206f6620736f63696574792e20497420686964657320612062616c616e63656420636f6d62696e6174696f6e206f662062656175747920616e6420737472656e6774682e204c61756e6368656420696e20323031322c20697420697320746865206372656174696f6e206f662061207472696f206f66204672656e6368206d61737465722070657266756d6572732c206c656420627920446f6d696e6971756520526f70696f6e2e2054686520626f74746c65207375676765737473206120736d696c65207472616e73706f73656420696e746f206372797374616c206c696e65732c206120726566696e656d656e74206f6620746865206f726967696e616c20313934392076657273696f6e2e, '300'),
(5, 2, 4, 'Guess Seductive', '5', '5.jpg', 'Guess Seductive\r\nEau de Toilette for women', 0x3530206d6c202d20363020524f4e0d0a3330206d6c202d353020524f4e0d0a0d0a536564756374696f6e20697320612067616d6520776974686f75742072756c65732e2047756573732053656475637469766520576f6d656e27732045617520646520546f696c6574746520676976657320796f75207468652073656c662d636f6e666964656e636520796f75206e65656420746f20616c7761797320626520696e20746865206c6561642e2048657220746f6e6573206f6620666c6f7765727320616e642066727569747320656d70686173697a6520796f75722066656d696e696e69747920616e6420616363656e747561746520796f7572206162736f6c7574656c7920697272657369737469626c6520706572736f6e616c20636861726d2e0d0a0d0a61207363656e74206f6620666c6f7765727320616e64206672756974732c207769746820746f6e6573206f662076616e696c6c612c207065617220616e64206369747275730d0a666f7220776f6d656e2077686f2077616e7420746f206c6f6f6b20617474726163746976650d0a63616e206265207573656420616c6c207965617220726f756e640d0a54686520636f6d706f736974696f6e206f66207468652070657266756d650d0a5468652073656e7375616c2067616d6520697320737461727465642062792074686520746f6e6573206f66206672756974733a2063757272616e74732c20706561727320616e642062657267616d6f742e20496e20612073686f72742074696d652c20666c6f72616c20617272616e67656d656e7473206f66206a61736d696e652c206f72616e676520626c6f73736f6d7320616e642069726973657320636f6d6520746f2074686520666f72652e204174207468652062617365206f6620746865206672616772616e63652c20746865206175737465726520636f6c646e657373206f662074686520696e63656e7365206e6f7465206d656574732074686520696e64756c67656e74207761726d7468206f662076616e696c6c612e0d0a0d0a5468652073746f7279206f662070657266756d650d0a47756573732053656475637469766520776173206c61756e6368656420696e203230313020616e642069732061206372656174696f6e206f662070657266756d65722056c3a9726f6e69717565204e79626572672e20477565737320697320616e20416d65726963616e2066617368696f6e206272616e642c20636861726163746572697a656420627920636c6f74686573206173207472656e647920617320746869732070657266756d6520616e642069747320626f74746c652c206465636f726174656420776974682074686520656d626c656d61746963206c6f676f2e, '50'),
(6, 2, 1, 'Calvin Klein Sheer Beauty', '6', '6.jpg', 'Calvin Klein Sheer Beauty\r\nEau de Toilette for women\r\n100 ml', 0x3530206d6c202d2031303020524f4e0d0a3330206d6c202d393020524f4e0d0a0d0a436c617373696320626561757479206e6576657220676f6573206f7574206f66207374796c652e2043616c76696e204b6c65696e205368656572204265617574792045617520646520546f696c6574746520666f7220576f6d656e20656d70686173697a657320796f757220636861726d20616e642061747472616374732074686520656e746f7572616765277320636f6d706c696d656e74732e20446973636f766572206974732074696d656c65737320656c6567616e63652e0d0a0d0a616e20656666657276657363656e74207363656e74206f6620666c6f7765727320616e64206672756974730d0a666f7220776f6d656e206f6620796f75746866756c20656c6567616e63650d0a696465616c20666f7220746865206461792c20696e207468652073756d6d6572206d6f6e7468730d0a54686520636f6d706f736974696f6e206f66207468652070657266756d650d0a4974207374617274732077697468206120636f6d62696e6174696f6e206f66206a756963792062657267616d6f74207769746820726564206265727269657320616e642074686520636f6f6c20616363656e74206f66207468652064656c6963696f75732042656c6c696e6920706561636820636f636b7461696c2e20496e20612073686f72742074696d652c2074686520696e746f7869636174696e6720617272616e67656d656e7473206f662070656f6e69657320616e64206c696c69657320626c6f6f6d2c20696e2061206d7973746572696f7573207665696c206f66206a61736d696e652e20546865206672616772616e7420657870657269656e636520656e6473207769746820616e20697272657369737469626c6520636f6d62696e6174696f6e3a2073656e7375616c206d75736b2c2073776565742076616e696c6c6120616e64207761726d2073616e64616c776f6f642e0d0a0d0a5468652073746f7279206f662070657266756d650d0a43616c76696e204b6c65696e205368656572204265617574792070657266756d6520666f7220776f6d656e20697320746865206c6967687465722076657273696f6e206f662074686520736f7068697374696361746564204265617574792070657266756d652c2066726f6d20323031302e204974206973206d61696e6c792064656469636174656420746f20746865206e61747572616c6e657373206f6620796f756e6720776f6d656e2e205468652070696e6b20626f74746c652063656c6562726174657320746865207479706963616c2066656d696e696e6520636861726d2c2074656e6465726e65737320616e6420656c6567616e63652e20546869732065617520646520746f696c6574746520776173206c61756e6368656420696e20323031322e, '150'),
(7, 3, 5, 'GUERLAIN Les Colognes', '7', '7.jpg', 'GUERLAIN Les Colognes Eau de Guerlain\r\neau de cologne for women\r\n100 ml', 0x4c696b65206120726179206f662073756e7368696e65207265666c656374656420696e20746865206372797374616c20636c6561722077617465722e2054686520636f6c6f676e6520666f7220776f6d656e2c20477565726c61696e204c657320436f6c6f676e65732045617520646520477565726c61696e2c20776974682069747320667265736820616e642070726f766f6361746976652061726f6d612c2077696c6c207472616e73706f727420796f752c207769746820697473207363656e74206f6620667265736820686572627320616e64206369747275732c206469726563746c7920746f2073756e6e792050726f76656e63652e0d0a0d0a616e2061726f6d6174696320636974727573206672616772616e636520666f7220776f6d656e0d0a696e737069726564206279207468652050726f76656e63652073756e0d0a7065726665637420666f7220737072696e6720616e642073756d6d65720d0a54686520636f6d706f736974696f6e206f66207468652070657266756d650d0a546865206672616772616e636520626567696e732077697468207468652063697472757320746f6e6573206f662062657267616d6f7420616e6420667265736820616e64206a75696379206c656d6f6e20616e642074686520666c6f72616c20746f6e6573206f662076657262656e612e2054686520726576656c6174696f6e206f66207468652061726f6d61746963207468796d6520616e64206e65726f6c6920666f6c6c6f77732e205468652062617365206f66207468652070657266756d652c207768696368206c6173747320746865206c6f6e67657374206f6e2074686520736b696e2c20697320646f6d696e61746564206279207468652065786f74696320746f6e6b61206265616e2e0d0a0d0a5468652073746f7279206f662070657266756d650d0a5468652066616d6f757320477565726c61696e2070657266756d6520686f75736520686173206265656e206d6173746572696e672074686520617274206f6620636f6c6f676e652073696e636520313835332e20477565726c61696e20636f6c6f676e65204c657320436f6c6f676e65732045617520646520477565726c61696e207761732063726561746564206279204a65616e2d5061756c20477565726c61696e20696e203139373420616e642077617320696e7370697265642062792073756e6e792050726f76656e63652e205468652070657266756d652069732068696464656e20696e206120626f74746c65206465636f72617465642077697468207468652066616d6f7573206d6f746966206f662074686520363920626565732e, '200'),
(12, 6, 8, 'Versace Eros Flame', '12', '12.jpg', 'Versace Eros Flame\r\nEau de Parfum for men\r\n100 ml', 0x3530206d6c202d2032353020524f4e0d0a3330206d6c202d32323020524f4e0d0a0d0a412070657266756d65207468617420636f6d706c6574656c7920636f6e717565727320796f757220686561727420616e642073656e647320796f752061206d6573736167652061626f757420746865206469676e697479206f66206c6f766520616e642074686520737472656e677468206f66206469766572736974792e20566572736163652045726f7320466c616d652070657266756d652077617465722069732064657369676e656420666f72207468652073656c662d636f6e666964656e74206d616e2c2077686f2072656d61696e7320696e20636f6e7374616e7420636f6e7461637420776974682068697320656d6f74696f6e732e0d0a0d0a616e2061726f6d6174696320776f6f6479207363656e742c2066756c6c206f6620636f6e7472617374730d0a666f7220746865207374726f6e672c2070617373696f6e61746520616e642073656c662d636f6e666964656e74206d616e0d0a697420617070656172656420617320616e206f646520746f2070617373696f6e2c20617320612063656c6562726174696f6e206f662073656e7375616c6974790d0a54686520636f6d706f736974696f6e206f66207468652070657266756d650d0a54686520636f6d706f736974696f6e206f6620566572736163652045726f7320466c616d652070657266756d652069732064697374696e67756973686564206279207374726f6e6720636f6e7472617374732e205468652064656275742062656c6f6e677320746f207468652074656d706572616d656e74616c20746f6e6573206f66204974616c69616e206369747275733a206c656d6f6e2c2074616e676572696e6520616e6420626974746572206f72616e67652e2054686579206172652073756273657175656e746c79207761726d6564206279204d61646167617363617220626c61636b2070657070657220616e642061726f6d6174696320726f73656d61727920617272616e67656d656e74732c20746f70706564207769746820676572616e69756d2c20726f73657320616e6420706570706572636f726e732e205468652062617365206f66207468652070657266756d6520776174657220697320636f6d706f736564206f662072617265206163636f7264732c206f6620546578616e20636564617220616e64204861697469616e20766574697665722c2062757420616c736f206f66206f616b206d6f73732c2070617463686f756c692c2073616e64616c776f6f6420616e6420746f6e6b61206265616e732c20696e207065726665637420667573696f6e207363656e74656420776974682073776565742076616e696c6c612e, '300'),
(13, 7, 1, 'Calvin Klein Eternity for Men', '9', '13.jpg', 'Calvin Klein Eternity for Men\r\nEau de Toilette for men', 0x3735206d6c2d20383920524f4e0d0a3530206d6c2d353020524f4e0d0a0d0a5468652074696d656c6573732043616c76696e204b6c65696e20457465726e69747920666f72204d656e2065617520646520746f696c65747465207265666c65637473207468652070657266656374206d616e202d20697427732064656c69636174652c20796574206d617363756c696e652c206e6f7374616c67696320616e64206d6f6465726e2c207374726f6e6720616e6420726566696e65642e0d0a0d0a616e2061726f6d6174696320666f75676572652070657266756d650d0a666f7220746865206d6f6465726e20616e6420636f6e666964656e74206d616e0d0a7375697461626c6520666f722065766572792064617920616e6420666f72207370656369616c206f63636173696f6e730d0a54686520636f6d706f736974696f6e206f66207468652070657266756d650d0a546865206672616772616e636520626567696e7320776974682068696e7473206f662074616e676572696e652c206c6176656e6465722c2062657267616d6f7420616e6420677265656e2068657262732c20776974682074686520636974727573792066726573686e657373206f66206c656d6f6e2e20546865206865617274206f66207468652070657266756d65206869646573206e6f746573206f6620626173696c2c207361676520616e6420636f7269616e6465722c20636f6d706c657465207769746820666c6f72616c20657373656e63657320616e64206a756e6970657220626572726965732e20496e2074686520656e642c20696e206164646974696f6e20746f20746865204272617a696c69616e2073616e64616c776f6f6420616e6420726f7365776f6f6420617272616e67656d656e74732c206d75736b2c20616d62657220616e642076657469766572206170706561722e0d0a0d0a5468652073746f7279206f662070657266756d650d0a5468652070657266756d6520457465726e69747920666f72204d656e2069732074686520776f726b206f662070657266756d6572204361726c6f732042656e61696d20616e6420776173206c61756e6368656420696e20313939302e204974207374696c6c206163636f6d70616e69657320746865206d6f6465726e206d616e20746f206120627573696e657373206d656574696e672c2061207061727479207769746820667269656e6473206f72206120726f6d616e746963206d656574696e6720666f722074776f2e, '100'),
(14, 8, 9, '4711 Ice', '14', '14.jpg', '4711 Ice\r\neau de cologne for men', 0x412074696d656c65737320636c617373696320746861742063656c6562726174657320746865206d616e277320656c6567616e636520616e6420686973206e61747572616c206368617269736d612e204d656e277320636f6c6f676e652034373131204963652069732066617374206265636f6d696e6720616e20696e64697370656e7361626c652070617274206f6620796f757220706572736f6e616c6974792e0d0a0d0a61726f6d617469632070657266756d6520776974682067726173737920746f6e65730d0a6672756974207363656e740d0a6120706c617966756c207363656e74207468617420796f75206e657665722067657420626f726564206f660d0a70657266756d65207375697461626c6520666f7220657665727920646179, '100'),
(15, 8, 9, '4711 Original', '11', '15.jpg', '\r\n4711 Original\r\neau de cologne without spray', 0x34373131204f726967696e616c20697320616e20696e6372656469626c7920667265736820636974727573207363656e742e20497420697320696465616c20666f7220696e7669676f726174696e6720796f757273656c66206c696b65206120636f6c642073686f7765722c20657370656369616c6c7920696e2074686520737072696e6720616e642073756d6d6572206d6f6e7468732e204974206973206120636c617373696320616e64206361707469766174696e672070657266756d652c20776869636820686173206265656e206f6e20746865206d61726b65742073696e636520313739322e0d0a0d0a54686520696e697469616c20657373656e63657320617265206c696b65206120706c656173616e7420616e642072656672657368696e672073686f7765722c20612073656e736174696f6e20676976656e2062792074686520657373656e7469616c206e6f746573206f662062657267616d6f742c206c656d6f6e20616e64206f72616e67652e2054686573652061726f6d61732061726520636f6d706c656d656e7465642062792074686520756e6971756520616363656e7473206f6620626173696c2e204772616475616c6c792c207468652061726f6d61206f66206672657368206672756974206973207265706c61636564206279207468652064656c696361746520746f6e6573206f6620666c6f776572732e205369676e69666963616e74206172652074686f7365206f6620636c617373696320726f736520616e6420726f73656d6172792e20486f77657665722c2074686520616363656e74732072656d61696e2066726573682e205468652077686f6c6520636f6d706f736974696f6e206973206275696c74206f6e20612062617365206d616465206f662073656e7375616c206d75736b2e0d0a0d0a34373131204f726967696e616c20697320616e20697272657369737469626c65206672616772616e63652e205468616e6b7320746f2074686520706572666563742062616c616e6365206f6620696e6772656469656e74732c206974206372656174657320616e20616d617a696e6720636f6d62696e6174696f6e2e204974732061726f6d6120697320706c656173616e7420616e6420736c696768746c7920696e7669676f726174696e672c20627574206174207468652073616d652074696d652c2065787472656d656c792066656d696e696e6520616e64207365647563746976652e0d0a0d0a546869732069732065786163746c7920686f7720657665727920776f6d616e2077616e747320746f206665656c206576657279206461792e2054686520343731312070657266756d652073796d626f6c697a65732066656d696e696e65207075726974792c2062757420616c736f20656d70686173697a65732062656175747920616e642066726167696c6974792e20497420697320696465616c20666f7220616c6c206c61646965732077686f2077616e7420746f206665656c20706c656173616e746c7920696e7669676f72617465642c206c6967687420616e642066656d696e696e652e20416e64206f6620636f757273652c20616c6c2074686973207769746820656c6567616e636520616e642067726163652e0d0a0d0a4974277320612064617974696d65207363656e742e204974206d616e616765732c2064756520746f2069747320706f776572732c20746f20686967686c6967687420746865206e61747572616c2062656175747920616e6420746f206d616b6520616e7920706572736f6e2077686f207765617273206974207368696e65206c696b65207468652073756e277320726179732e0d0a0d0a54686520343731312070657266756d652068617320616c7761797320686164207468652073616d65206f726967696e616c207061636b6167696e672066726f6d2074686520626567696e6e696e672e205468697320686967686c69676874732074686520756e697175656e65737320616e64206578636c75736976697479206f66207468652070657266756d652e, '60'),
(26, 1, 2, 'rrrrrrrrrrrr', '34', '', 'sssssssssssss', 0x7479363435, '456'),
(16, 9, 9, '4711 Original', '16', '16.jpg', '\r\n4711 Original\r\nbody spray', 0x34373131204f726967696e616c20756e6973657820626f647920737072617920697320746865207065726665637420636f6d706c656d656e7420746f207468652070657266756d652066726f6d207468652073616d6520636f6c6c656374696f6e2e20496e20746865206d6f726e696e672c207573652061206d6f726520696e74656e73652070657266756d652c20616e6420647572696e6720746865206461792c2072656672657368207468652070657266756d65207769746820626f647920737072617920617420616e792074696d652e0d0a0d0a776f6f6479207363656e740d0a656c6567616e7420616e642074696d656c6573732070657266756d6520666f72206c6f76657273206f6620636c617373696320666c61766f72730d0a70657266756d65207375697461626c6520666f7220657665727920646179, '23'),
(17, 10, 10, 'Armaf Sapphire', '17', '17.jpg', 'Armaf Sapphire\r\nEau de Parfum unisex', 0x546f20616c6c2e20576974686f757420657863657074696f6e2e2041726d616620536170706869726520756e697365782070657266756d6520776174657220697320657863656c6c656e7420666f7220626f746820776f6d656e20616e64206d656e20616e642077696c6c20656e68616e636520796f757220706572736f6e616c6974792e0d0a0d0a7370696379207363656e740d0a776f6f6479207363656e740d0a617175617469632070657266756d652077697468206d6172696e6520746f6e65730d0a70657266756d65207375697461626c6520666f72206576657279206461790d0a756e69736578202d20666f72206d656e20616e6420776f6d656e, '114'),
(18, 10, 10, 'Armaf Peridot\r\n', '18', '18.jpg', 'Armaf Peridot\r\nEau de Parfum unisex', 0x446973636f76657220612070657266756d65207468617420646f6573206e6f742066697420696e746f20616e79207061747465726e20616e642074686174206d617374657266756c6c7920656d70686173697a65732074686520706572736f6e616c697479206f662074686520706572736f6e2077686f20757365732069742e2041726d61662050657269646f7420756e697365782070657266756d652077617465722077696c6c207375706572626c7920656e68616e636520796f7572206f726967696e616c6974792e0d0a0d0a666c6f72616c207363656e740d0a636974727573207363656e740d0a776f6f6479207363656e740d0a7761726d207363656e742c20696465616c20666f7220636f6c6420776561746865720d0a7370656369616c2070657266756d6520666f72207370656369616c206f63636173696f6e730d0a70657266756d65207375697461626c6520666f72206576657279206461790d0a756e69736578202d20666f72206d656e20616e6420776f6d656e, '123'),
(19, 15, 11, 'Disney Cars', '19', '19.jpg', 'Disney Cars\r\nEau de Toilette for children\r\n100 ml', 0x412070657266756d6520666f72206368696c6472656e2c2077697468206120746f756368206f6620616476656e747572652c207768696368207374696d756c6174657320746865697220696e66696e6974652066616e746173792e204469736e657920436172732065617520646520746f696c6574746520697320696465616c20666f7220746865206c6974746c6520616476656e74757265722c2077686f20666f6c6c6f777320696e2074686520666f6f747374657073206f6620686973206865726f2e0d0a0d0a7377656574207363656e740d0a6166746572207468652066616d6f75732073637265656e65642066616972792074616c6520666f72206368696c6472656e0d0a6769667420696465612c207768696368206973207375726520746f206272696e67206a6f79, '14'),
(20, 15, 11, 'Disney Cars Jackson Storm', '20', '20.jpg', 'Disney Cars Jackson Storm\r\nEau de Toilette for children\r\n50 ml', 0x412070657266756d6520666f72206368696c6472656e2c2077697468206120746f756368206f6620616476656e747572652c207768696368207374696d756c6174657320746865697220696e66696e6974652066616e746173792e204469736e65792043617273204a61636b736f6e2053746f726d2065617520646520746f696c6574746520697320696465616c20666f7220746865206c6974746c6520616476656e74757265722c2077686f20666f6c6c6f777320696e2074686520666f6f747374657073206f6620686973206865726f2e0d0a0d0a636974727573207363656e740d0a6166746572207468652066616d6f75732073637265656e65642066616972792074616c6520666f72206368696c6472656e0d0a6769667420696465612c207768696368206973207375726520746f206272696e67206a6f79, '26'),
(21, 16, 12, 'Sesderma Babyses', '21', '21.jpg', 'Sesderma Babyses\r\neau de cologne pentru copii\r\n250 ml', 0x496e20313938392c206f20656368697061206465207370656369616c6973746920696e206465726d61746f6c6f67696520736920696e206661726d6163696520617520696e6669696e746174206272616e64756c20636f736d65746963205365736465726d612e2050652062617a6120636f6e74616374756c7569206469726563742063752070616369656e7469692c2061752064657a766f6c7461742070726f64757365207370656369666963652070656e74727520646976657273652070726f626c656d6520616c65207069656c69692e205365736465726d61206120666f7374207072696d6120636f6d70616e6965206661726d61636575746963612064696e205370616e6961206361726520612064657a766f6c746174206372656d65206375206163696420676c69636f6c69632e0d0a4461746f7269746120626f676174656920657870657269656e7465206f6274696e75746520646520636f6d70616e6961205365736465726d61207072696e20666565646261636b206465206c6120636c69656e74692c2061636561737461206f66657261206163756d206f2067616d61206c617267612064652070726f647573652c2064696e206d6169206d756c7465206c696e69692064652070726f6475736520636f736d65746963652e20436f6d70616e69612065666563747565617a6120636f6e7374616e7420636572636574617269207375706c696d656e74617265207369207574696c697a65617a612070726f67726573756c207465686e6f6c6f6769632c2070656e7472752061206c65206f6665726920636c69656e74696c6f722063656c65206d61692062756e652070726f647573652070656e747275206e65766f696c65206c6f722e200d0a50726f647573656c65206c6f7220636f736d65746963652064652063616c697461746520696e616c74612073756e74206163756d2076616e6475746520696e20706573746520343020646520746172692c2069617220696e7465726573756c2070656e7472752061636573746561206573746520696e20636f6e74696e75612063726573746572652e205365736465726d612061207072696d6974206f207365726965206465207072656d69692070726573746967696f6173652e20496e636572636174692070726f647573656c65207370656369616c65206465206c61206272616e64756c205365736465726d612c206361726520766120696e74656c65676520636572696e74656c652120200d0a, '30'),
(22, 17, 1, 'Calvin Klein Eternity Summer 2021', '22', '22.jpg', 'Calvin Klein Eternity Summer 2020\r\nEau de Parfum pentru femei\r\n100 ml', 0x436520766120706c61636520766172612063656c206d6169206d756c743f204e752063756d766120617075737572696c6520646520736f6172653f204461636120766120746f706974692064757061206672756d757365746561206c6f72206d61676963612c206174756e6369206170612064652070617266756d2070656e7472752066656d65692043616c76696e204b6c65696e20457465726e6974792053756d6d65722032303230207661207661206665726d656361207065206465706c696e2e205375727072696e646520726f6d616e7469736d756c206361726520636f706c65736573746520746f74756c20696e206a75722c206c612073666172736974756c20756e6569207a696c652072616469616e7465206c61206d616c756c206d617269692e0d0a0d0a756e2070617266756d20666c6f72616c2070726f617370617420736920696e736f7269740d0a6c616e73617420696e20656469746965206c696d69746174612c2070656e747275207661726120616e756c756920323032300d0a6f206372656174696520612070617266756d696572756c75692050617363616c2047617572696e0d0a436f6d706f7a697469612070617266756d756c75690d0a436f6d62696e617469612065636c6174616e7461206465207472616e6461666972756c20646573657274756c75692c2063752076696f6c6574652073692062657267616d6f7461207661206375636572657374652064696e207072696d6120636c6970612e204c612073637572742074696d702c206c617361206c6f63756c20636f6d62696e6174696569206465206961736f6d696520696d62617461746f617265206375206768696d6269722c20636f6e74757261746120646520756e2061636f72642065786f7469632064652061706120646520636f636f732e2046696e616c756c206361726420736920706963616e74206170617274696e6520746f6e7572696c6f7220646520766574697665722c206465206c656d6e20646520677561696163207369206465206d6f73632e0d0a0d0a506f7665737465612070617266756d756c75690d0a41746d6f7366657261207665726969206573746520737567657261746120736920646520666c61636f6e756c2070617266756d756c75692043616c76696e204b6c65696e20457465726e6974792053756d6d657220323032302c2063617265207661207265646120646973706f7a69746961206573746976616c612e2044657369676e756c206573746520696e737069726174206465206d6f6d656e74756c20696e206361726520736f6172656c652c206c6120617075732c20696e76616c756965206f72697a6f6e74756c20696e206e75616e746520646520726f73752c2063617265207061726361206174696e67206d617265612e0d0a0d0a50617266756d756c206573746520636f6e6365707574206361206f707573756c2073696d626f6c696320616c2072617361726974756c756920736f6172656c75692c2063616e64207a6975612063616c64612064652076617261206162696120696e636570652e2043616c76696e204b6c65696e20457465726e6974792053756d6d65722032303230207661206d616e676169652c206361206f206272697a612070726f617370617461207065207069656c656120696e63696e7361207369207661207265616d696e7465737465207a676f6d6f74756c2066616d696c69617220616c2076616c7572696c6f72207261636f726f61736520616c65206f6365616e756c75692c206c6120616d7572672e, '100'),
(23, 17, 13, 'Jeanne Arthes Guipure & Silk', '23', '23.jpg', 'Jeanne Arthes Guipure & Silk\r\nEau de Parfum pentru femei\r\n100 ml', 0x4170612064652070617266756d2070656e7472752066656d6569204a65616e6e6520417274686573204775697075726520262053696c6b207661206d616e6761696520736920766120696e63616c7a657374652c2063612063656c206d6169206d6f616c652070756c6f766572206465206361736d69722e20496e76616c756974692d766120696e2061726f6d6120736120696d62617461746f6172652c206f726963616e6420646f726974692073612076612073696d74697469207261736661746174612e0d0a0d0a70617266756d206f7269656e74616c0d0a7375626c696e69617a612073656e7a75616c6974617465612066696563617265692066656d65690d0a70617266756d20706f7472697669742070656e7472752066696563617265207a69, '25'),
(25, 1, 1, 'aaaa', '34', 'cart_copy2.gif', 'aaaaaaaaaa', 0x7468747968, '67');

-- --------------------------------------------------------

--
-- Table structure for table `tprodusecomenzi`
--

CREATE TABLE `tprodusecomenzi` (
  `fIdArticol` int(11) UNSIGNED NOT NULL,
  `fIdComanda` int(11) DEFAULT NULL,
  `fIdProdus` int(11) DEFAULT NULL,
  `fCantitate` int(11) DEFAULT NULL
) ENGINE=InnoDB DEFAULT CHARSET=latin1;

--
-- Dumping data for table `tprodusecomenzi`
--

INSERT INTO `tprodusecomenzi` (`fIdArticol`, `fIdComanda`, `fIdProdus`, `fCantitate`) VALUES
(18, 15, 17, 2),
(19, 16, 21, 3),
(20, 17, 1, 1),
(21, 18, 23, 2),
(22, 19, 19, 1),
(23, 20, 14, 3),
(24, 21, 12, 1),
(25, 22, 2, 2);

-- --------------------------------------------------------

--
-- Table structure for table `tsubcategorii`
--

CREATE TABLE `tsubcategorii` (
  `fIdSubcategorie` int(11) UNSIGNED NOT NULL,
  `fIdCategorie` int(11) UNSIGNED NOT NULL DEFAULT '0',
  `fNumeSubcategorie` varchar(100) NOT NULL DEFAULT ''
) ENGINE=MyISAM DEFAULT CHARSET=latin1;

--
-- Dumping data for table `tsubcategorii`
--

INSERT INTO `tsubcategorii` (`fIdSubcategorie`, `fIdCategorie`, `fNumeSubcategorie`) VALUES
(1, 1, 'Perfume water'),
(2, 1, 'Eau de toilette'),
(3, 1, 'Eau de cologne'),
(4, 1, 'Body sprays'),
(5, 1, 'Scented oils'),
(6, 2, 'Perfume water'),
(7, 2, 'Eau de toilette'),
(8, 2, 'Eau de cologne'),
(9, 2, 'Body sprays'),
(10, 3, 'Perfume water'),
(11, 3, 'Eau de toilette'),
(12, 3, 'Eau de cologne'),
(13, 3, 'Scented oils'),
(14, 4, 'Perfume water'),
(15, 4, 'Eau de toilette'),
(16, 4, 'Eau de cologne'),
(17, 5, 'Perfumes for women'),
(18, 5, 'Perfumes for men'),
(19, 5, 'Unisex perfumes');

-- --------------------------------------------------------

--
-- Table structure for table `tutilizatori`
--

CREATE TABLE `tutilizatori` (
  `fIdUtilizator` int(11) UNSIGNED NOT NULL,
  `fNumeUtilizator` varchar(32) NOT NULL DEFAULT '',
  `fParola` varchar(32) NOT NULL DEFAULT '',
  `fEmail` varchar(150) NOT NULL DEFAULT '',
  `fAdresa` text,
  `fDataInregistrare` date DEFAULT NULL
) ENGINE=MyISAM DEFAULT CHARSET=latin1;

--
-- Dumping data for table `tutilizatori`
--

INSERT INTO `tutilizatori` (`fIdUtilizator`, `fNumeUtilizator`, `fParola`, `fEmail`, `fAdresa`, `fDataInregistrare`) VALUES
(3, 'vasile', 'vasile', 'vasiled@yahoo.com', 'str lalelelor nr 14', '2021-12-13'),
(5, 'ionel', 'ionel', 'ionel@yahoo.com', 'str Nufarului nr 6 ', '2022-01-14'),
(6, 'sergiu', 'sergiu', 'sergiu@yahoo.com', 'str Nucului nr 6 Cluj', '2021-12-14'),
(7, 'viorel', 'viorel', 'viorel@yahoo.com', 'Aleea parcului, nr 6', '2021-01-23');

-- --------------------------------------------------------

--
-- Table structure for table `tvoturi`
--

CREATE TABLE `tvoturi` (
  `fIdVot` int(11) UNSIGNED NOT NULL,
  `fIdProdus` int(11) UNSIGNED NOT NULL DEFAULT '0',
  `fIdUtilizator` int(11) UNSIGNED NOT NULL DEFAULT '0',
  `fValoareVot` int(11) UNSIGNED NOT NULL DEFAULT '0'
) ENGINE=MyISAM DEFAULT CHARSET=latin1;

--
-- Dumping data for table `tvoturi`
--

INSERT INTO `tvoturi` (`fIdVot`, `fIdProdus`, `fIdUtilizator`, `fValoareVot`) VALUES
(1, 2, 1, 5),
(2, 2, 3, 10),
(3, 2, 7, 5),
(4, 1, 1, 9),
(5, 18, 3, 5),
(6, 11, 3, 3),
(7, 4, 3, 5),
(8, 16, 15, 7),
(9, 1, 6, 7),
(10, 8, 7, 5),
(11, 7, 7, 9);

--
-- Indexes for dumped tables
--

--
-- Indexes for table `tadmins`
--
ALTER TABLE `tadmins`
  ADD PRIMARY KEY (`fIdAdmin`);

--
-- Indexes for table `tcategorii`
--
ALTER TABLE `tcategorii`
  ADD PRIMARY KEY (`fIdCategorie`),
  ADD UNIQUE KEY `fIdCategorie` (`fIdCategorie`),
  ADD KEY `fIdCategorie_2` (`fIdCategorie`);

--
-- Indexes for table `tcomenzi`
--
ALTER TABLE `tcomenzi`
  ADD PRIMARY KEY (`fIdComanda`),
  ADD UNIQUE KEY `fIdComanda` (`fIdComanda`),
  ADD KEY `fIdComanda_2` (`fIdComanda`);

--
-- Indexes for table `tcos`
--
ALTER TABLE `tcos`
  ADD PRIMARY KEY (`fIdItem`),
  ADD UNIQUE KEY `fIdItem` (`fIdItem`),
  ADD KEY `fIdItem_2` (`fIdItem`);

--
-- Indexes for table `tproducatori`
--
ALTER TABLE `tproducatori`
  ADD PRIMARY KEY (`fIdProducator`),
  ADD UNIQUE KEY `fIdProducator` (`fIdProducator`),
  ADD KEY `fIdProducator_2` (`fIdProducator`);

--
-- Indexes for table `tproduse`
--
ALTER TABLE `tproduse`
  ADD PRIMARY KEY (`fIdProdus`),
  ADD UNIQUE KEY `fIdProdus` (`fIdProdus`),
  ADD KEY `fIdProdus_2` (`fIdProdus`);

--
-- Indexes for table `tprodusecomenzi`
--
ALTER TABLE `tprodusecomenzi`
  ADD PRIMARY KEY (`fIdArticol`);

--
-- Indexes for table `tsubcategorii`
--
ALTER TABLE `tsubcategorii`
  ADD PRIMARY KEY (`fIdSubcategorie`),
  ADD UNIQUE KEY `fIdSubcategorie` (`fIdSubcategorie`),
  ADD KEY `fIdSubcategorie_2` (`fIdSubcategorie`);

--
-- Indexes for table `tutilizatori`
--
ALTER TABLE `tutilizatori`
  ADD PRIMARY KEY (`fIdUtilizator`),
  ADD UNIQUE KEY `fIdUser` (`fIdUtilizator`),
  ADD KEY `fIdUser_2` (`fIdUtilizator`);

--
-- Indexes for table `tvoturi`
--
ALTER TABLE `tvoturi`
  ADD PRIMARY KEY (`fIdVot`),
  ADD UNIQUE KEY `fIdVot` (`fIdVot`),
  ADD KEY `fIdVot_2` (`fIdVot`);

--
-- AUTO_INCREMENT for dumped tables
--

--
-- AUTO_INCREMENT for table `tadmins`
--
ALTER TABLE `tadmins`
  MODIFY `fIdAdmin` int(11) UNSIGNED NOT NULL AUTO_INCREMENT, AUTO_INCREMENT=4;
--
-- AUTO_INCREMENT for table `tcategorii`
--
ALTER TABLE `tcategorii`
  MODIFY `fIdCategorie` int(11) UNSIGNED NOT NULL AUTO_INCREMENT, AUTO_INCREMENT=13;
--
-- AUTO_INCREMENT for table `tcomenzi`
--
ALTER TABLE `tcomenzi`
  MODIFY `fIdComanda` int(11) UNSIGNED NOT NULL AUTO_INCREMENT, AUTO_INCREMENT=23;
--
-- AUTO_INCREMENT for table `tcos`
--
ALTER TABLE `tcos`
  MODIFY `fIdItem` int(11) UNSIGNED NOT NULL AUTO_INCREMENT, AUTO_INCREMENT=39;
--
-- AUTO_INCREMENT for table `tproducatori`
--
ALTER TABLE `tproducatori`
  MODIFY `fIdProducator` int(11) UNSIGNED NOT NULL AUTO_INCREMENT, AUTO_INCREMENT=15;
--
-- AUTO_INCREMENT for table `tproduse`
--
ALTER TABLE `tproduse`
  MODIFY `fIdProdus` int(11) UNSIGNED NOT NULL AUTO_INCREMENT, AUTO_INCREMENT=27;
--
-- AUTO_INCREMENT for table `tprodusecomenzi`
--
ALTER TABLE `tprodusecomenzi`
  MODIFY `fIdArticol` int(11) UNSIGNED NOT NULL AUTO_INCREMENT, AUTO_INCREMENT=26;
--
-- AUTO_INCREMENT for table `tsubcategorii`
--
ALTER TABLE `tsubcategorii`
  MODIFY `fIdSubcategorie` int(11) UNSIGNED NOT NULL AUTO_INCREMENT, AUTO_INCREMENT=21;
--
-- AUTO_INCREMENT for table `tutilizatori`
--
ALTER TABLE `tutilizatori`
  MODIFY `fIdUtilizator` int(11) UNSIGNED NOT NULL AUTO_INCREMENT, AUTO_INCREMENT=8;
--
-- AUTO_INCREMENT for table `tvoturi`
--
ALTER TABLE `tvoturi`
  MODIFY `fIdVot` int(11) UNSIGNED NOT NULL AUTO_INCREMENT, AUTO_INCREMENT=12;
/*!40101 SET CHARACTER_SET_CLIENT=@OLD_CHARACTER_SET_CLIENT */;
/*!40101 SET CHARACTER_SET_RESULTS=@OLD_CHARACTER_SET_RESULTS */;
/*!40101 SET COLLATION_CONNECTION=@OLD_COLLATION_CONNECTION */;
